<?xml version="1.0" encoding="UTF-8"?>
<export version="D">
  <design>
    <source>C:\Users\Ankit Khandelwal\Desktop\Launchbox\Launchbox.sch</source>
    <date>9/17/2020 10:53:50 PM</date>
    <tool>Eeschema (5.1.6)-1</tool>
    <sheet number="1" name="/" tstamps="/">
      <title_block>
        <title>Launchbox</title>
        <company/>
        <rev>v01</rev>
        <date>2020-09-14</date>
        <source>Launchbox.sch</source>
        <comment number="1" value=""/>
        <comment number="2" value=""/>
        <comment number="3" value=""/>
        <comment number="4" value="Author: Ankit Khandelwal"/>
      </title_block>
    </sheet>
  </design>
  <components>
    <comp ref="SW1">
      <value>SW_SPDT_MSM</value>
      <footprint>Launchbox:SPDT_Slide_Switch</footprint>
      <datasheet>~</datasheet>
      <libsource lib="Switch" part="SW_SPDT_MSM" description="Switch, single pole double throw, center OFF position"/>
      <sheetpath names="/" tstamps="/"/>
      <tstamp>5F604B13</tstamp>
    </comp>
    <comp ref="SW2">
      <value>SW_SPDT_MSM</value>
      <footprint>Launchbox:SPDT_Slide_Switch</footprint>
      <datasheet>~</datasheet>
      <libsource lib="Switch" part="SW_SPDT_MSM" description="Switch, single pole double throw, center OFF position"/>
      <sheetpath names="/" tstamps="/"/>
      <tstamp>5F604B92</tstamp>
    </comp>
    <comp ref="SW3">
      <value>SW_SPDT_MSM</value>
      <footprint>Launchbox:SPDT_Slide_Switch</footprint>
      <datasheet>~</datasheet>
      <libsource lib="Switch" part="SW_SPDT_MSM" description="Switch, single pole double throw, center OFF position"/>
      <sheetpath names="/" tstamps="/"/>
      <tstamp>5F605329</tstamp>
    </comp>
    <comp ref="SW4">
      <value>SW_SPDT_MSM</value>
      <footprint>Launchbox:SPDT_Slide_Switch</footprint>
      <datasheet>~</datasheet>
      <libsource lib="Switch" part="SW_SPDT_MSM" description="Switch, single pole double throw, center OFF position"/>
      <sheetpath names="/" tstamps="/"/>
      <tstamp>5F605654</tstamp>
    </comp>
    <comp ref="SW10">
      <value>SW_SPDT_MSM</value>
      <footprint>Launchbox:SPDT_Slide_Switch</footprint>
      <datasheet>~</datasheet>
      <libsource lib="Switch" part="SW_SPDT_MSM" description="Switch, single pole double throw, center OFF position"/>
      <sheetpath names="/" tstamps="/"/>
      <tstamp>5F605C35</tstamp>
    </comp>
    <comp ref="SW11">
      <value>SW_SPDT_MSM</value>
      <footprint>Launchbox:SPDT_Slide_Switch</footprint>
      <datasheet>~</datasheet>
      <libsource lib="Switch" part="SW_SPDT_MSM" description="Switch, single pole double throw, center OFF position"/>
      <sheetpath names="/" tstamps="/"/>
      <tstamp>5F606277</tstamp>
    </comp>
    <comp ref="SW9">
      <value>SW_SPDT_MSM</value>
      <footprint>Launchbox:SPDT_Slide_Switch</footprint>
      <datasheet>~</datasheet>
      <libsource lib="Switch" part="SW_SPDT_MSM" description="Switch, single pole double throw, center OFF position"/>
      <sheetpath names="/" tstamps="/"/>
      <tstamp>5F606A46</tstamp>
    </comp>
    <comp ref="SW8">
      <value>SW_SPDT_MSM</value>
      <footprint>Launchbox:SPDT_Slide_Switch</footprint>
      <datasheet>~</datasheet>
      <libsource lib="Switch" part="SW_SPDT_MSM" description="Switch, single pole double throw, center OFF position"/>
      <sheetpath names="/" tstamps="/"/>
      <tstamp>5F607311</tstamp>
    </comp>
    <comp ref="SW5">
      <value>SW_SPDT_MSM</value>
      <footprint>Launchbox:SPDT_Slide_Switch</footprint>
      <datasheet>~</datasheet>
      <libsource lib="Switch" part="SW_SPDT_MSM" description="Switch, single pole double throw, center OFF position"/>
      <sheetpath names="/" tstamps="/"/>
      <tstamp>5F648816</tstamp>
    </comp>
    <comp ref="SW6">
      <value>SW_SPDT_MSM</value>
      <footprint>Launchbox:SPDT_Slide_Switch</footprint>
      <datasheet>~</datasheet>
      <libsource lib="Switch" part="SW_SPDT_MSM" description="Switch, single pole double throw, center OFF position"/>
      <sheetpath names="/" tstamps="/"/>
      <tstamp>5F649AFA</tstamp>
    </comp>
    <comp ref="SW7">
      <value>SW_SPDT_MSM</value>
      <footprint>Launchbox:SPDT_Slide_Switch</footprint>
      <datasheet>~</datasheet>
      <libsource lib="Switch" part="SW_SPDT_MSM" description="Switch, single pole double throw, center OFF position"/>
      <sheetpath names="/" tstamps="/"/>
      <tstamp>5F64A31F</tstamp>
    </comp>
    <comp ref="SW12">
      <value>SW_SPDT_MSM</value>
      <footprint>Launchbox:SPDT_Slide_Switch</footprint>
      <datasheet>~</datasheet>
      <libsource lib="Switch" part="SW_SPDT_MSM" description="Switch, single pole double throw, center OFF position"/>
      <sheetpath names="/" tstamps="/"/>
      <tstamp>5F64A902</tstamp>
    </comp>
    <comp ref="SW13">
      <value>SW_SPDT_MSM</value>
      <footprint>Launchbox:SPDT_Slide_Switch</footprint>
      <datasheet>~</datasheet>
      <libsource lib="Switch" part="SW_SPDT_MSM" description="Switch, single pole double throw, center OFF position"/>
      <sheetpath names="/" tstamps="/"/>
      <tstamp>5F64B120</tstamp>
    </comp>
    <comp ref="SW14">
      <value>SW_Push</value>
      <footprint>Launchbox:Pushbutton</footprint>
      <datasheet>~</datasheet>
      <libsource lib="Switch" part="SW_Push" description="Push button switch, generic, two pins"/>
      <sheetpath names="/" tstamps="/"/>
      <tstamp>5F6D38A1</tstamp>
    </comp>
    <comp ref="SW16">
      <value>SW_Push</value>
      <footprint>Launchbox:Pushbutton</footprint>
      <datasheet>~</datasheet>
      <libsource lib="Switch" part="SW_Push" description="Push button switch, generic, two pins"/>
      <sheetpath names="/" tstamps="/"/>
      <tstamp>5F6D7EE9</tstamp>
    </comp>
    <comp ref="SW15">
      <value>SW_Push</value>
      <footprint>Launchbox:Pushbutton</footprint>
      <datasheet>~</datasheet>
      <libsource lib="Switch" part="SW_Push" description="Push button switch, generic, two pins"/>
      <sheetpath names="/" tstamps="/"/>
      <tstamp>5F6D856D</tstamp>
    </comp>
    <comp ref="SW17">
      <value>SW_Push</value>
      <footprint>Launchbox:Pushbutton</footprint>
      <datasheet>~</datasheet>
      <libsource lib="Switch" part="SW_Push" description="Push button switch, generic, two pins"/>
      <sheetpath names="/" tstamps="/"/>
      <tstamp>5F6D9158</tstamp>
    </comp>
    <comp ref="SW18">
      <value>SW_Push</value>
      <footprint>Launchbox:Pushbutton</footprint>
      <datasheet>~</datasheet>
      <libsource lib="Switch" part="SW_Push" description="Push button switch, generic, two pins"/>
      <sheetpath names="/" tstamps="/"/>
      <tstamp>5F6D96EF</tstamp>
    </comp>
    <comp ref="U1">
      <value>Teensy3.6</value>
      <footprint>Launchbox:Teensy 3.6</footprint>
      <libsource lib="Launchbox" part="Teensy3.6" description=""/>
      <sheetpath names="/" tstamps="/"/>
      <tstamp>5F6324D3</tstamp>
    </comp>
    <comp ref="BT1">
      <value>Battery_Cell</value>
      <footprint>Launchbox:Lipo_Battery_Connector</footprint>
      <datasheet>~</datasheet>
      <libsource lib="Device" part="Battery_Cell" description="Single-cell battery"/>
      <sheetpath names="/" tstamps="/"/>
      <tstamp>5F6591D9</tstamp>
    </comp>
    <comp ref="U2">
      <value>L7805</value>
      <footprint>Package_TO_SOT_THT:TO-220F-3_Horizontal_TabDown</footprint>
      <datasheet>http://www.st.com/content/ccc/resource/technical/document/datasheet/41/4f/b3/b0/12/d4/47/88/CD00000444.pdf/files/CD00000444.pdf/jcr:content/translations/en.CD00000444.pdf</datasheet>
      <libsource lib="Regulator_Linear" part="L7805" description="Positive 1.5A 35V Linear Regulator, Fixed Output 5V, TO-220/TO-263/TO-252"/>
      <sheetpath names="/" tstamps="/"/>
      <tstamp>5F667F69</tstamp>
    </comp>
  </components>
  <libparts>
    <libpart lib="Device" part="Battery_Cell">
      <description>Single-cell battery</description>
      <docs>~</docs>
      <fields>
        <field name="Reference">BT</field>
        <field name="Value">Battery_Cell</field>
      </fields>
      <pins>
        <pin num="1" name="+" type="passive"/>
        <pin num="2" name="-" type="passive"/>
      </pins>
    </libpart>
    <libpart lib="Launchbox" part="Teensy3.6">
      <fields>
        <field name="Reference">U</field>
        <field name="Value">Teensy3.6</field>
      </fields>
      <pins>
        <pin num="0" name="~" type="input"/>
        <pin num="1" name="~" type="input"/>
        <pin num="2" name="~" type="input"/>
        <pin num="3" name="~" type="input"/>
        <pin num="4" name="~" type="input"/>
        <pin num="5" name="~" type="input"/>
        <pin num="6" name="~" type="input"/>
        <pin num="7" name="~" type="input"/>
        <pin num="8" name="~" type="input"/>
        <pin num="9" name="~" type="input"/>
        <pin num="10" name="~" type="input"/>
        <pin num="11" name="~" type="input"/>
        <pin num="12" name="~" type="input"/>
        <pin num="13" name="~" type="input"/>
        <pin num="14" name="A0" type="input"/>
        <pin num="15" name="A1" type="input"/>
        <pin num="16" name="A2" type="input"/>
        <pin num="17" name="A3" type="input"/>
        <pin num="18" name="A4" type="input"/>
        <pin num="19" name="A5" type="input"/>
        <pin num="20" name="A6" type="input"/>
        <pin num="21" name="A7" type="input"/>
        <pin num="22" name="A8" type="input"/>
        <pin num="23" name="A9" type="input"/>
        <pin num="24" name="~" type="input"/>
        <pin num="25" name="~" type="input"/>
        <pin num="26" name="~" type="input"/>
        <pin num="27" name="~" type="input"/>
        <pin num="28" name="~" type="input"/>
        <pin num="29" name="~" type="input"/>
        <pin num="30" name="~" type="input"/>
        <pin num="31" name="A12" type="input"/>
        <pin num="32" name="A13" type="input"/>
        <pin num="33" name="A14" type="input"/>
        <pin num="34" name="A15" type="input"/>
        <pin num="35" name="A16" type="input"/>
        <pin num="36" name="A17" type="input"/>
        <pin num="37" name="A18" type="input"/>
        <pin num="38" name="A19" type="input"/>
        <pin num="39" name="A20" type="input"/>
        <pin num="~" name="3.3V" type="input"/>
      </pins>
    </libpart>
    <libpart lib="Regulator_Linear" part="L7805">
      <aliases>
        <alias>L7806</alias>
        <alias>L7808</alias>
        <alias>L7885</alias>
        <alias>L7809</alias>
        <alias>L7812</alias>
        <alias>L7815</alias>
        <alias>L7818</alias>
        <alias>L7824</alias>
      </aliases>
      <description>Positive 1.5A 35V Linear Regulator, Fixed Output 5V, TO-220/TO-263/TO-252</description>
      <docs>http://www.st.com/content/ccc/resource/technical/document/datasheet/41/4f/b3/b0/12/d4/47/88/CD00000444.pdf/files/CD00000444.pdf/jcr:content/translations/en.CD00000444.pdf</docs>
      <footprints>
        <fp>TO?252*</fp>
        <fp>TO?263*</fp>
        <fp>TO?220*</fp>
      </footprints>
      <fields>
        <field name="Reference">U</field>
        <field name="Value">L7805</field>
      </fields>
      <pins>
        <pin num="1" name="IN" type="power_in"/>
        <pin num="2" name="GND" type="power_in"/>
        <pin num="3" name="OUT" type="power_out"/>
      </pins>
    </libpart>
    <libpart lib="Switch" part="SW_Push">
      <description>Push button switch, generic, two pins</description>
      <docs>~</docs>
      <fields>
        <field name="Reference">SW</field>
        <field name="Value">SW_Push</field>
      </fields>
      <pins>
        <pin num="1" name="1" type="passive"/>
        <pin num="2" name="2" type="passive"/>
      </pins>
    </libpart>
    <libpart lib="Switch" part="SW_SPDT_MSM">
      <description>Switch, single pole double throw, center OFF position</description>
      <docs>~</docs>
      <fields>
        <field name="Reference">SW</field>
        <field name="Value">SW_SPDT_MSM</field>
      </fields>
      <pins>
        <pin num="1" name="1" type="passive"/>
        <pin num="2" name="2" type="passive"/>
        <pin num="3" name="3" type="passive"/>
      </pins>
    </libpart>
  </libparts>
  <libraries>
    <library logical="Device">
      <uri>C:\Program Files\KiCad\share\kicad\library/Device.lib</uri>
    </library>
    <library logical="Launchbox">
      <uri>C:\Users\Ankit Khandelwal\Desktop\Launchbox/Launchbox.lib</uri>
    </library>
    <library logical="Regulator_Linear">
      <uri>C:\Program Files\KiCad\share\kicad\library/Regulator_Linear.lib</uri>
    </library>
    <library logical="Switch">
      <uri>C:\Program Files\KiCad\share\kicad\library/Switch.lib</uri>
    </library>
  </libraries>
  <nets>
    <net code="1" name="Net-(SW14-Pad2)">
      <node ref="U1" pin="37"/>
      <node ref="SW14" pin="2"/>
    </net>
    <net code="2" name="Net-(SW16-Pad2)">
      <node ref="U1" pin="39"/>
      <node ref="SW16" pin="2"/>
    </net>
    <net code="3" name="Net-(U1-Pad14)">
      <node ref="U1" pin="14"/>
    </net>
    <net code="4" name="Net-(U1-Pad13)">
      <node ref="U1" pin="13"/>
    </net>
    <net code="5" name="Net-(SW1-Pad3)">
      <node ref="U1" pin="1"/>
      <node ref="SW1" pin="3"/>
    </net>
    <net code="6" name="Net-(SW17-Pad2)">
      <node ref="SW17" pin="2"/>
      <node ref="U1" pin="~"/>
    </net>
    <net code="7" name="Net-(SW15-Pad2)">
      <node ref="SW15" pin="2"/>
      <node ref="U1" pin="38"/>
    </net>
    <net code="8" name="Net-(SW11-Pad3)">
      <node ref="SW11" pin="3"/>
      <node ref="U1" pin="30"/>
    </net>
    <net code="9" name="Net-(SW12-Pad3)">
      <node ref="U1" pin="32"/>
      <node ref="SW12" pin="3"/>
    </net>
    <net code="10" name="Net-(SW12-Pad1)">
      <node ref="U1" pin="31"/>
      <node ref="SW12" pin="1"/>
    </net>
    <net code="11" name="Net-(SW11-Pad1)">
      <node ref="SW11" pin="1"/>
      <node ref="U1" pin="29"/>
    </net>
    <net code="12" name="Net-(SW10-Pad3)">
      <node ref="SW10" pin="3"/>
      <node ref="U1" pin="28"/>
    </net>
    <net code="13" name="Net-(SW10-Pad1)">
      <node ref="U1" pin="27"/>
      <node ref="SW10" pin="1"/>
    </net>
    <net code="14" name="Net-(SW9-Pad3)">
      <node ref="SW9" pin="3"/>
      <node ref="U1" pin="26"/>
    </net>
    <net code="15" name="Net-(U1-Pad15)">
      <node ref="U1" pin="15"/>
    </net>
    <net code="16" name="Net-(SW13-Pad3)">
      <node ref="SW13" pin="3"/>
      <node ref="U1" pin="36"/>
    </net>
    <net code="17" name="Net-(SW13-Pad1)">
      <node ref="U1" pin="35"/>
      <node ref="SW13" pin="1"/>
    </net>
    <net code="18" name="Net-(SW18-Pad2)">
      <node ref="U1" pin="~"/>
      <node ref="SW18" pin="2"/>
    </net>
    <net code="19" name="Net-(SW14-Pad1)">
      <node ref="U2" pin="3"/>
      <node ref="SW16" pin="1"/>
      <node ref="SW14" pin="1"/>
      <node ref="SW18" pin="1"/>
      <node ref="SW17" pin="1"/>
      <node ref="SW15" pin="1"/>
      <node ref="U1" pin="~"/>
    </net>
    <net code="20" name="GND">
      <node ref="SW10" pin="2"/>
      <node ref="SW12" pin="2"/>
      <node ref="SW1" pin="2"/>
      <node ref="SW2" pin="2"/>
      <node ref="SW3" pin="2"/>
      <node ref="SW4" pin="2"/>
      <node ref="SW11" pin="2"/>
      <node ref="SW13" pin="2"/>
      <node ref="U2" pin="2"/>
      <node ref="BT1" pin="2"/>
      <node ref="SW5" pin="2"/>
      <node ref="U1" pin="~"/>
      <node ref="U1" pin="~"/>
      <node ref="SW8" pin="2"/>
      <node ref="SW6" pin="2"/>
      <node ref="SW7" pin="2"/>
      <node ref="SW9" pin="2"/>
    </net>
    <net code="21" name="Net-(U1-Pad~)">
      <node ref="U1" pin="~"/>
    </net>
    <net code="22" name="Net-(BT1-Pad1)">
      <node ref="BT1" pin="1"/>
      <node ref="U2" pin="1"/>
    </net>
    <net code="23" name="Net-(U1-Pad23)">
      <node ref="U1" pin="23"/>
    </net>
    <net code="24" name="Net-(U1-Pad22)">
      <node ref="U1" pin="22"/>
    </net>
    <net code="25" name="Net-(U1-Pad21)">
      <node ref="U1" pin="21"/>
    </net>
    <net code="26" name="Net-(U1-Pad20)">
      <node ref="U1" pin="20"/>
    </net>
    <net code="27" name="Net-(U1-Pad19)">
      <node ref="U1" pin="19"/>
    </net>
    <net code="28" name="Net-(U1-Pad18)">
      <node ref="U1" pin="18"/>
    </net>
    <net code="29" name="Net-(U1-Pad17)">
      <node ref="U1" pin="17"/>
    </net>
    <net code="30" name="Net-(U1-Pad16)">
      <node ref="U1" pin="16"/>
    </net>
    <net code="31" name="Net-(U1-Pad~)">
      <node ref="U1" pin="~"/>
    </net>
    <net code="32" name="Net-(U1-Pad~)">
      <node ref="U1" pin="~"/>
    </net>
    <net code="33" name="Net-(SW3-Pad3)">
      <node ref="SW3" pin="3"/>
      <node ref="U1" pin="5"/>
    </net>
    <net code="34" name="Net-(SW9-Pad1)">
      <node ref="SW9" pin="1"/>
      <node ref="U1" pin="25"/>
    </net>
    <net code="35" name="Net-(U1-Pad34)">
      <node ref="U1" pin="34"/>
    </net>
    <net code="36" name="Net-(U1-Pad33)">
      <node ref="U1" pin="33"/>
    </net>
    <net code="37" name="Net-(SW4-Pad1)">
      <node ref="SW5" pin="1"/>
      <node ref="SW4" pin="1"/>
      <node ref="U1" pin="6"/>
    </net>
    <net code="38" name="Net-(SW7-Pad1)">
      <node ref="SW7" pin="1"/>
      <node ref="U1" pin="10"/>
    </net>
    <net code="39" name="Net-(SW4-Pad3)">
      <node ref="U1" pin="7"/>
      <node ref="SW5" pin="3"/>
      <node ref="SW4" pin="3"/>
    </net>
    <net code="40" name="Net-(SW8-Pad3)">
      <node ref="U1" pin="24"/>
      <node ref="SW8" pin="3"/>
    </net>
    <net code="41" name="Net-(SW8-Pad1)">
      <node ref="SW8" pin="1"/>
      <node ref="U1" pin="12"/>
    </net>
    <net code="42" name="Net-(SW3-Pad1)">
      <node ref="U1" pin="4"/>
      <node ref="SW3" pin="1"/>
    </net>
    <net code="43" name="Net-(SW2-Pad3)">
      <node ref="U1" pin="3"/>
      <node ref="SW2" pin="3"/>
    </net>
    <net code="44" name="Net-(SW2-Pad1)">
      <node ref="U1" pin="2"/>
      <node ref="SW2" pin="1"/>
    </net>
    <net code="45" name="Net-(SW1-Pad1)">
      <node ref="SW1" pin="1"/>
      <node ref="U1" pin="0"/>
    </net>
    <net code="46" name="Net-(SW7-Pad3)">
      <node ref="U1" pin="11"/>
      <node ref="SW7" pin="3"/>
    </net>
    <net code="47" name="Net-(SW6-Pad3)">
      <node ref="SW6" pin="3"/>
      <node ref="U1" pin="9"/>
    </net>
    <net code="48" name="Net-(SW6-Pad1)">
      <node ref="U1" pin="8"/>
      <node ref="SW6" pin="1"/>
    </net>
  </nets>
</export>
